{
  "ABIRoot": {
    "kind": "Root",
    "name": "TopLevel",
    "printedName": "TopLevel",
    "children": [
      {
        "kind": "Import",
        "name": "UIKit",
        "printedName": "UIKit",
        "declKind": "Import",
        "moduleName": "CepheiUI"
      },
      {
        "kind": "TypeDecl",
        "name": "ColorPropertyListValue",
        "printedName": "ColorPropertyListValue",
        "declKind": "Protocol",
        "usr": "s:8CepheiUI22ColorPropertyListValueP",
        "mangledName": "$s8CepheiUI22ColorPropertyListValueP",
        "moduleName": "CepheiUI",
        "declAttributes": [
          "AccessControl",
          "RawDocComment"
        ]
      },
      {
        "kind": "TypeDecl",
        "name": "String",
        "printedName": "String",
        "declKind": "Struct",
        "usr": "s:SS",
        "mangledName": "$sSS",
        "moduleName": "Swift",
        "declAttributes": [
          "Frozen"
        ],
        "isExternal": true,
        "conformances": [
          {
            "kind": "Conformance",
            "name": "ColorPropertyListValue",
            "printedName": "ColorPropertyListValue",
            "usr": "s:8CepheiUI22ColorPropertyListValueP",
            "mangledName": "$s8CepheiUI22ColorPropertyListValueP"
          },
          {
            "kind": "Conformance",
            "name": "Decodable",
            "printedName": "Decodable",
            "usr": "s:Se",
            "mangledName": "$sSe"
          },
          {
            "kind": "Conformance",
            "name": "Encodable",
            "printedName": "Encodable",
            "usr": "s:SE",
            "mangledName": "$sSE"
          },
          {
            "kind": "Conformance",
            "name": "CodingKeyRepresentable",
            "printedName": "CodingKeyRepresentable",
            "usr": "s:s22CodingKeyRepresentableP",
            "mangledName": "$ss22CodingKeyRepresentableP"
          },
          {
            "kind": "Conformance",
            "name": "_HasContiguousBytes",
            "printedName": "_HasContiguousBytes",
            "usr": "s:s19_HasContiguousBytesP",
            "mangledName": "$ss19_HasContiguousBytesP"
          },
          {
            "kind": "Conformance",
            "name": "CustomReflectable",
            "printedName": "CustomReflectable",
            "usr": "s:s17CustomReflectableP",
            "mangledName": "$ss17CustomReflectableP"
          },
          {
            "kind": "Conformance",
            "name": "_CustomPlaygroundQuickLookable",
            "printedName": "_CustomPlaygroundQuickLookable",
            "usr": "s:s30_CustomPlaygroundQuickLookableP",
            "mangledName": "$ss30_CustomPlaygroundQuickLookableP"
          },
          {
            "kind": "Conformance",
            "name": "TextOutputStream",
            "printedName": "TextOutputStream",
            "usr": "s:s16TextOutputStreamP",
            "mangledName": "$ss16TextOutputStreamP"
          },
          {
            "kind": "Conformance",
            "name": "TextOutputStreamable",
            "printedName": "TextOutputStreamable",
            "usr": "s:s20TextOutputStreamableP",
            "mangledName": "$ss20TextOutputStreamableP"
          },
          {
            "kind": "Conformance",
            "name": "Hashable",
            "printedName": "Hashable",
            "usr": "s:SH",
            "mangledName": "$sSH"
          },
          {
            "kind": "Conformance",
            "name": "Sendable",
            "printedName": "Sendable",
            "usr": "s:s8SendableP",
            "mangledName": "$ss8SendableP"
          },
          {
            "kind": "Conformance",
            "name": "_ExpressibleByBuiltinUnicodeScalarLiteral",
            "printedName": "_ExpressibleByBuiltinUnicodeScalarLiteral",
            "usr": "s:s41_ExpressibleByBuiltinUnicodeScalarLiteralP",
            "mangledName": "$ss41_ExpressibleByBuiltinUnicodeScalarLiteralP"
          },
          {
            "kind": "Conformance",
            "name": "_ExpressibleByBuiltinExtendedGraphemeClusterLiteral",
            "printedName": "_ExpressibleByBuiltinExtendedGraphemeClusterLiteral",
            "usr": "s:s51_ExpressibleByBuiltinExtendedGraphemeClusterLiteralP",
            "mangledName": "$ss51_ExpressibleByBuiltinExtendedGraphemeClusterLiteralP"
          },
          {
            "kind": "Conformance",
            "name": "_ExpressibleByBuiltinStringLiteral",
            "printedName": "_ExpressibleByBuiltinStringLiteral",
            "usr": "s:s34_ExpressibleByBuiltinStringLiteralP",
            "mangledName": "$ss34_ExpressibleByBuiltinStringLiteralP"
          },
          {
            "kind": "Conformance",
            "name": "ExpressibleByStringLiteral",
            "printedName": "ExpressibleByStringLiteral",
            "children": [
              {
                "kind": "TypeWitness",
                "name": "StringLiteralType",
                "printedName": "StringLiteralType",
                "children": [
                  {
                    "kind": "TypeNominal",
                    "name": "String",
                    "printedName": "Swift.String",
                    "usr": "s:SS"
                  }
                ]
              }
            ],
            "usr": "s:s26ExpressibleByStringLiteralP",
            "mangledName": "$ss26ExpressibleByStringLiteralP"
          },
          {
            "kind": "Conformance",
            "name": "ExpressibleByExtendedGraphemeClusterLiteral",
            "printedName": "ExpressibleByExtendedGraphemeClusterLiteral",
            "children": [
              {
                "kind": "TypeWitness",
                "name": "ExtendedGraphemeClusterLiteralType",
                "printedName": "ExtendedGraphemeClusterLiteralType",
                "children": [
                  {
                    "kind": "TypeNominal",
                    "name": "String",
                    "printedName": "Swift.String",
                    "usr": "s:SS"
                  }
                ]
              }
            ],
            "usr": "s:s43ExpressibleByExtendedGraphemeClusterLiteralP",
            "mangledName": "$ss43ExpressibleByExtendedGraphemeClusterLiteralP"
          },
          {
            "kind": "Conformance",
            "name": "ExpressibleByUnicodeScalarLiteral",
            "printedName": "ExpressibleByUnicodeScalarLiteral",
            "children": [
              {
                "kind": "TypeWitness",
                "name": "UnicodeScalarLiteralType",
                "printedName": "UnicodeScalarLiteralType",
                "children": [
                  {
                    "kind": "TypeNominal",
                    "name": "String",
                    "printedName": "Swift.String",
                    "usr": "s:SS"
                  }
                ]
              }
            ],
            "usr": "s:s33ExpressibleByUnicodeScalarLiteralP",
            "mangledName": "$ss33ExpressibleByUnicodeScalarLiteralP"
          },
          {
            "kind": "Conformance",
            "name": "CustomDebugStringConvertible",
            "printedName": "CustomDebugStringConvertible",
            "usr": "s:s28CustomDebugStringConvertibleP",
            "mangledName": "$ss28CustomDebugStringConvertibleP"
          },
          {
            "kind": "Conformance",
            "name": "CustomStringConvertible",
            "printedName": "CustomStringConvertible",
            "usr": "s:s23CustomStringConvertibleP",
            "mangledName": "$ss23CustomStringConvertibleP"
          },
          {
            "kind": "Conformance",
            "name": "BidirectionalCollection",
            "printedName": "BidirectionalCollection",
            "children": [
              {
                "kind": "TypeWitness",
                "name": "Element",
                "printedName": "Element",
                "children": [
                  {
                    "kind": "TypeNominal",
                    "name": "Character",
                    "printedName": "Swift.Character",
                    "usr": "s:SJ"
                  }
                ]
              },
              {
                "kind": "TypeWitness",
                "name": "Index",
                "printedName": "Index",
                "children": [
                  {
                    "kind": "TypeNominal",
                    "name": "Index",
                    "printedName": "Swift.String.Index",
                    "usr": "s:SS5IndexV"
                  }
                ]
              },
              {
                "kind": "TypeWitness",
                "name": "SubSequence",
                "printedName": "SubSequence",
                "children": [
                  {
                    "kind": "TypeNominal",
                    "name": "Substring",
                    "printedName": "Swift.Substring",
                    "usr": "s:Ss"
                  }
                ]
              },
              {
                "kind": "TypeWitness",
                "name": "Indices",
                "printedName": "Indices",
                "children": [
                  {
                    "kind": "TypeNominal",
                    "name": "DefaultIndices",
                    "printedName": "Swift.DefaultIndices<Swift.String>",
                    "children": [
                      {
                        "kind": "TypeNominal",
                        "name": "String",
                        "printedName": "Swift.String",
                        "usr": "s:SS"
                      }
                    ],
                    "usr": "s:SI"
                  }
                ]
              }
            ],
            "usr": "s:SK",
            "mangledName": "$sSK"
          },
          {
            "kind": "Conformance",
            "name": "Collection",
            "printedName": "Collection",
            "children": [
              {
                "kind": "TypeWitness",
                "name": "Element",
                "printedName": "Element",
                "children": [
                  {
                    "kind": "TypeNominal",
                    "name": "Character",
                    "printedName": "Swift.Character",
                    "usr": "s:SJ"
                  }
                ]
              },
              {
                "kind": "TypeWitness",
                "name": "Index",
                "printedName": "Index",
                "children": [
                  {
                    "kind": "TypeNominal",
                    "name": "Index",
                    "printedName": "Swift.String.Index",
                    "usr": "s:SS5IndexV"
                  }
                ]
              },
              {
                "kind": "TypeWitness",
                "name": "Iterator",
                "printedName": "Iterator",
                "children": [
                  {
                    "kind": "TypeNominal",
                    "name": "Iterator",
                    "printedName": "Swift.String.Iterator",
                    "usr": "s:SS8IteratorV"
                  }
                ]
              },
              {
                "kind": "TypeWitness",
                "name": "SubSequence",
                "printedName": "SubSequence",
                "children": [
                  {
                    "kind": "TypeNominal",
                    "name": "Substring",
                    "printedName": "Swift.Substring",
                    "usr": "s:Ss"
                  }
                ]
              },
              {
                "kind": "TypeWitness",
                "name": "Indices",
                "printedName": "Indices",
                "children": [
                  {
                    "kind": "TypeNominal",
                    "name": "DefaultIndices",
                    "printedName": "Swift.DefaultIndices<Swift.String>",
                    "children": [
                      {
                        "kind": "TypeNominal",
                        "name": "String",
                        "printedName": "Swift.String",
                        "usr": "s:SS"
                      }
                    ],
                    "usr": "s:SI"
                  }
                ]
              }
            ],
            "usr": "s:Sl",
            "mangledName": "$sSl"
          },
          {
            "kind": "Conformance",
            "name": "Sequence",
            "printedName": "Sequence",
            "children": [
              {
                "kind": "TypeWitness",
                "name": "Element",
                "printedName": "Element",
                "children": [
                  {
                    "kind": "TypeNominal",
                    "name": "Character",
                    "printedName": "Swift.Character",
                    "usr": "s:SJ"
                  }
                ]
              },
              {
                "kind": "TypeWitness",
                "name": "Iterator",
                "printedName": "Iterator",
                "children": [
                  {
                    "kind": "TypeNominal",
                    "name": "Iterator",
                    "printedName": "Swift.String.Iterator",
                    "usr": "s:SS8IteratorV"
                  }
                ]
              }
            ],
            "usr": "s:ST",
            "mangledName": "$sST"
          },
          {
            "kind": "Conformance",
            "name": "Equatable",
            "printedName": "Equatable",
            "usr": "s:SQ",
            "mangledName": "$sSQ"
          },
          {
            "kind": "Conformance",
            "name": "Comparable",
            "printedName": "Comparable",
            "usr": "s:SL",
            "mangledName": "$sSL"
          },
          {
            "kind": "Conformance",
            "name": "StringProtocol",
            "printedName": "StringProtocol",
            "children": [
              {
                "kind": "TypeWitness",
                "name": "UTF8View",
                "printedName": "UTF8View",
                "children": [
                  {
                    "kind": "TypeNominal",
                    "name": "UTF8View",
                    "printedName": "Swift.String.UTF8View",
                    "usr": "s:SS8UTF8ViewV"
                  }
                ]
              },
              {
                "kind": "TypeWitness",
                "name": "UTF16View",
                "printedName": "UTF16View",
                "children": [
                  {
                    "kind": "TypeNominal",
                    "name": "UTF16View",
                    "printedName": "Swift.String.UTF16View",
                    "usr": "s:SS9UTF16ViewV"
                  }
                ]
              },
              {
                "kind": "TypeWitness",
                "name": "UnicodeScalarView",
                "printedName": "UnicodeScalarView",
                "children": [
                  {
                    "kind": "TypeNominal",
                    "name": "UnicodeScalarView",
                    "printedName": "Swift.String.UnicodeScalarView",
                    "usr": "s:SS17UnicodeScalarViewV"
                  }
                ]
              },
              {
                "kind": "TypeWitness",
                "name": "SubSequence",
                "printedName": "SubSequence",
                "children": [
                  {
                    "kind": "TypeNominal",
                    "name": "Substring",
                    "printedName": "Swift.Substring",
                    "usr": "s:Ss"
                  }
                ]
              }
            ],
            "usr": "s:Sy",
            "mangledName": "$sSy"
          },
          {
            "kind": "Conformance",
            "name": "ExpressibleByStringInterpolation",
            "printedName": "ExpressibleByStringInterpolation",
            "children": [
              {
                "kind": "TypeWitness",
                "name": "StringInterpolation",
                "printedName": "StringInterpolation",
                "children": [
                  {
                    "kind": "TypeNominal",
                    "name": "DefaultStringInterpolation",
                    "printedName": "Swift.DefaultStringInterpolation",
                    "usr": "s:s26DefaultStringInterpolationV"
                  }
                ]
              }
            ],
            "usr": "s:s32ExpressibleByStringInterpolationP",
            "mangledName": "$ss32ExpressibleByStringInterpolationP"
          },
          {
            "kind": "Conformance",
            "name": "LosslessStringConvertible",
            "printedName": "LosslessStringConvertible",
            "usr": "s:s25LosslessStringConvertibleP",
            "mangledName": "$ss25LosslessStringConvertibleP"
          },
          {
            "kind": "Conformance",
            "name": "RangeReplaceableCollection",
            "printedName": "RangeReplaceableCollection",
            "children": [
              {
                "kind": "TypeWitness",
                "name": "SubSequence",
                "printedName": "SubSequence",
                "children": [
                  {
                    "kind": "TypeNominal",
                    "name": "Substring",
                    "printedName": "Swift.Substring",
                    "usr": "s:Ss"
                  }
                ]
              }
            ],
            "usr": "s:Sm",
            "mangledName": "$sSm"
          },
          {
            "kind": "Conformance",
            "name": "MirrorPath",
            "printedName": "MirrorPath",
            "usr": "s:s10MirrorPathP",
            "mangledName": "$ss10MirrorPathP"
          },
          {
            "kind": "Conformance",
            "name": "_ObjectiveCBridgeable",
            "printedName": "_ObjectiveCBridgeable",
            "children": [
              {
                "kind": "TypeWitness",
                "name": "_ObjectiveCType",
                "printedName": "_ObjectiveCType",
                "children": [
                  {
                    "kind": "TypeNominal",
                    "name": "NSString",
                    "printedName": "Foundation.NSString",
                    "usr": "c:objc(cs)NSString"
                  }
                ]
              }
            ],
            "usr": "s:s21_ObjectiveCBridgeableP",
            "mangledName": "$ss21_ObjectiveCBridgeableP"
          },
          {
            "kind": "Conformance",
            "name": "CVarArg",
            "printedName": "CVarArg",
            "usr": "s:s7CVarArgP",
            "mangledName": "$ss7CVarArgP"
          }
        ]
      },
      {
        "kind": "TypeDecl",
        "name": "Array",
        "printedName": "Array",
        "declKind": "Struct",
        "usr": "s:Sa",
        "mangledName": "$sSa",
        "moduleName": "Swift",
        "genericSig": "<τ_0_0>",
        "sugared_genericSig": "<Element>",
        "declAttributes": [
          "Frozen"
        ],
        "isExternal": true,
        "conformances": [
          {
            "kind": "Conformance",
            "name": "_DestructorSafeContainer",
            "printedName": "_DestructorSafeContainer",
            "usr": "s:s24_DestructorSafeContainerP",
            "mangledName": "$ss24_DestructorSafeContainerP"
          },
          {
            "kind": "Conformance",
            "name": "ColorPropertyListValue",
            "printedName": "ColorPropertyListValue",
            "usr": "s:8CepheiUI22ColorPropertyListValueP",
            "mangledName": "$s8CepheiUI22ColorPropertyListValueP"
          },
          {
            "kind": "Conformance",
            "name": "_ArrayProtocol",
            "printedName": "_ArrayProtocol",
            "children": [
              {
                "kind": "TypeWitness",
                "name": "_Buffer",
                "printedName": "_Buffer",
                "children": [
                  {
                    "kind": "TypeNominal",
                    "name": "_ArrayBuffer",
                    "printedName": "Swift._ArrayBuffer<τ_0_0>",
                    "children": [
                      {
                        "kind": "TypeNominal",
                        "name": "GenericTypeParam",
                        "printedName": "τ_0_0"
                      }
                    ],
                    "usr": "s:s12_ArrayBufferV"
                  }
                ]
              }
            ],
            "usr": "s:s14_ArrayProtocolP",
            "mangledName": "$ss14_ArrayProtocolP"
          },
          {
            "kind": "Conformance",
            "name": "RandomAccessCollection",
            "printedName": "RandomAccessCollection",
            "children": [
              {
                "kind": "TypeWitness",
                "name": "Element",
                "printedName": "Element",
                "children": [
                  {
                    "kind": "TypeNominal",
                    "name": "GenericTypeParam",
                    "printedName": "τ_0_0"
                  }
                ]
              },
              {
                "kind": "TypeWitness",
                "name": "Index",
                "printedName": "Index",
                "children": [
                  {
                    "kind": "TypeNominal",
                    "name": "Int",
                    "printedName": "Swift.Int",
                    "usr": "s:Si"
                  }
                ]
              },
              {
                "kind": "TypeWitness",
                "name": "SubSequence",
                "printedName": "SubSequence",
                "children": [
                  {
                    "kind": "TypeNominal",
                    "name": "ArraySlice",
                    "printedName": "Swift.ArraySlice<τ_0_0>",
                    "children": [
                      {
                        "kind": "TypeNominal",
                        "name": "GenericTypeParam",
                        "printedName": "τ_0_0"
                      }
                    ],
                    "usr": "s:s10ArraySliceV"
                  }
                ]
              },
              {
                "kind": "TypeWitness",
                "name": "Indices",
                "printedName": "Indices",
                "children": [
                  {
                    "kind": "TypeNominal",
                    "name": "Range",
                    "printedName": "Swift.Range<Swift.Int>",
                    "children": [
                      {
                        "kind": "TypeNominal",
                        "name": "Int",
                        "printedName": "Swift.Int",
                        "usr": "s:Si"
                      }
                    ],
                    "usr": "s:Sn"
                  }
                ]
              }
            ],
            "usr": "s:Sk",
            "mangledName": "$sSk"
          },
          {
            "kind": "Conformance",
            "name": "MutableCollection",
            "printedName": "MutableCollection",
            "children": [
              {
                "kind": "TypeWitness",
                "name": "Element",
                "printedName": "Element",
                "children": [
                  {
                    "kind": "TypeNominal",
                    "name": "GenericTypeParam",
                    "printedName": "τ_0_0"
                  }
                ]
              },
              {
                "kind": "TypeWitness",
                "name": "Index",
                "printedName": "Index",
                "children": [
                  {
                    "kind": "TypeNominal",
                    "name": "Int",
                    "printedName": "Swift.Int",
                    "usr": "s:Si"
                  }
                ]
              },
              {
                "kind": "TypeWitness",
                "name": "SubSequence",
                "printedName": "SubSequence",
                "children": [
                  {
                    "kind": "TypeNominal",
                    "name": "ArraySlice",
                    "printedName": "Swift.ArraySlice<τ_0_0>",
                    "children": [
                      {
                        "kind": "TypeNominal",
                        "name": "GenericTypeParam",
                        "printedName": "τ_0_0"
                      }
                    ],
                    "usr": "s:s10ArraySliceV"
                  }
                ]
              }
            ],
            "usr": "s:SM",
            "mangledName": "$sSM"
          },
          {
            "kind": "Conformance",
            "name": "BidirectionalCollection",
            "printedName": "BidirectionalCollection",
            "children": [
              {
                "kind": "TypeWitness",
                "name": "Element",
                "printedName": "Element",
                "children": [
                  {
                    "kind": "TypeNominal",
                    "name": "GenericTypeParam",
                    "printedName": "τ_0_0"
                  }
                ]
              },
              {
                "kind": "TypeWitness",
                "name": "Index",
                "printedName": "Index",
                "children": [
                  {
                    "kind": "TypeNominal",
                    "name": "Int",
                    "printedName": "Swift.Int",
                    "usr": "s:Si"
                  }
                ]
              },
              {
                "kind": "TypeWitness",
                "name": "SubSequence",
                "printedName": "SubSequence",
                "children": [
                  {
                    "kind": "TypeNominal",
                    "name": "ArraySlice",
                    "printedName": "Swift.ArraySlice<τ_0_0>",
                    "children": [
                      {
                        "kind": "TypeNominal",
                        "name": "GenericTypeParam",
                        "printedName": "τ_0_0"
                      }
                    ],
                    "usr": "s:s10ArraySliceV"
                  }
                ]
              },
              {
                "kind": "TypeWitness",
                "name": "Indices",
                "printedName": "Indices",
                "children": [
                  {
                    "kind": "TypeNominal",
                    "name": "Range",
                    "printedName": "Swift.Range<Swift.Int>",
                    "children": [
                      {
                        "kind": "TypeNominal",
                        "name": "Int",
                        "printedName": "Swift.Int",
                        "usr": "s:Si"
                      }
                    ],
                    "usr": "s:Sn"
                  }
                ]
              }
            ],
            "usr": "s:SK",
            "mangledName": "$sSK"
          },
          {
            "kind": "Conformance",
            "name": "Collection",
            "printedName": "Collection",
            "children": [
              {
                "kind": "TypeWitness",
                "name": "Element",
                "printedName": "Element",
                "children": [
                  {
                    "kind": "TypeNominal",
                    "name": "GenericTypeParam",
                    "printedName": "τ_0_0"
                  }
                ]
              },
              {
                "kind": "TypeWitness",
                "name": "Index",
                "printedName": "Index",
                "children": [
                  {
                    "kind": "TypeNominal",
                    "name": "Int",
                    "printedName": "Swift.Int",
                    "usr": "s:Si"
                  }
                ]
              },
              {
                "kind": "TypeWitness",
                "name": "Iterator",
                "printedName": "Iterator",
                "children": [
                  {
                    "kind": "TypeNominal",
                    "name": "IndexingIterator",
                    "printedName": "Swift.IndexingIterator<[τ_0_0]>",
                    "children": [
                      {
                        "kind": "TypeNominal",
                        "name": "Array",
                        "printedName": "[τ_0_0]",
                        "children": [
                          {
                            "kind": "TypeNominal",
                            "name": "GenericTypeParam",
                            "printedName": "τ_0_0"
                          }
                        ],
                        "usr": "s:Sa"
                      }
                    ],
                    "usr": "s:s16IndexingIteratorV"
                  }
                ]
              },
              {
                "kind": "TypeWitness",
                "name": "SubSequence",
                "printedName": "SubSequence",
                "children": [
                  {
                    "kind": "TypeNominal",
                    "name": "ArraySlice",
                    "printedName": "Swift.ArraySlice<τ_0_0>",
                    "children": [
                      {
                        "kind": "TypeNominal",
                        "name": "GenericTypeParam",
                        "printedName": "τ_0_0"
                      }
                    ],
                    "usr": "s:s10ArraySliceV"
                  }
                ]
              },
              {
                "kind": "TypeWitness",
                "name": "Indices",
                "printedName": "Indices",
                "children": [
                  {
                    "kind": "TypeNominal",
                    "name": "Range",
                    "printedName": "Swift.Range<Swift.Int>",
                    "children": [
                      {
                        "kind": "TypeNominal",
                        "name": "Int",
                        "printedName": "Swift.Int",
                        "usr": "s:Si"
                      }
                    ],
                    "usr": "s:Sn"
                  }
                ]
              }
            ],
            "usr": "s:Sl",
            "mangledName": "$sSl"
          },
          {
            "kind": "Conformance",
            "name": "Sequence",
            "printedName": "Sequence",
            "children": [
              {
                "kind": "TypeWitness",
                "name": "Element",
                "printedName": "Element",
                "children": [
                  {
                    "kind": "TypeNominal",
                    "name": "GenericTypeParam",
                    "printedName": "τ_0_0"
                  }
                ]
              },
              {
                "kind": "TypeWitness",
                "name": "Iterator",
                "printedName": "Iterator",
                "children": [
                  {
                    "kind": "TypeNominal",
                    "name": "IndexingIterator",
                    "printedName": "Swift.IndexingIterator<[τ_0_0]>",
                    "children": [
                      {
                        "kind": "TypeNominal",
                        "name": "Array",
                        "printedName": "[τ_0_0]",
                        "children": [
                          {
                            "kind": "TypeNominal",
                            "name": "GenericTypeParam",
                            "printedName": "τ_0_0"
                          }
                        ],
                        "usr": "s:Sa"
                      }
                    ],
                    "usr": "s:s16IndexingIteratorV"
                  }
                ]
              }
            ],
            "usr": "s:ST",
            "mangledName": "$sST"
          },
          {
            "kind": "Conformance",
            "name": "ExpressibleByArrayLiteral",
            "printedName": "ExpressibleByArrayLiteral",
            "children": [
              {
                "kind": "TypeWitness",
                "name": "ArrayLiteralElement",
                "printedName": "ArrayLiteralElement",
                "children": [
                  {
                    "kind": "TypeNominal",
                    "name": "GenericTypeParam",
                    "printedName": "τ_0_0"
                  }
                ]
              }
            ],
            "usr": "s:s25ExpressibleByArrayLiteralP",
            "mangledName": "$ss25ExpressibleByArrayLiteralP"
          },
          {
            "kind": "Conformance",
            "name": "RangeReplaceableCollection",
            "printedName": "RangeReplaceableCollection",
            "children": [
              {
                "kind": "TypeWitness",
                "name": "SubSequence",
                "printedName": "SubSequence",
                "children": [
                  {
                    "kind": "TypeNominal",
                    "name": "ArraySlice",
                    "printedName": "Swift.ArraySlice<τ_0_0>",
                    "children": [
                      {
                        "kind": "TypeNominal",
                        "name": "GenericTypeParam",
                        "printedName": "τ_0_0"
                      }
                    ],
                    "usr": "s:s10ArraySliceV"
                  }
                ]
              }
            ],
            "usr": "s:Sm",
            "mangledName": "$sSm"
          },
          {
            "kind": "Conformance",
            "name": "CustomReflectable",
            "printedName": "CustomReflectable",
            "usr": "s:s17CustomReflectableP",
            "mangledName": "$ss17CustomReflectableP"
          },
          {
            "kind": "Conformance",
            "name": "CustomStringConvertible",
            "printedName": "CustomStringConvertible",
            "usr": "s:s23CustomStringConvertibleP",
            "mangledName": "$ss23CustomStringConvertibleP"
          },
          {
            "kind": "Conformance",
            "name": "CustomDebugStringConvertible",
            "printedName": "CustomDebugStringConvertible",
            "usr": "s:s28CustomDebugStringConvertibleP",
            "mangledName": "$ss28CustomDebugStringConvertibleP"
          },
          {
            "kind": "Conformance",
            "name": "Equatable",
            "printedName": "Equatable",
            "usr": "s:SQ",
            "mangledName": "$sSQ"
          },
          {
            "kind": "Conformance",
            "name": "Hashable",
            "printedName": "Hashable",
            "usr": "s:SH",
            "mangledName": "$sSH"
          },
          {
            "kind": "Conformance",
            "name": "_HasCustomAnyHashableRepresentation",
            "printedName": "_HasCustomAnyHashableRepresentation",
            "usr": "s:s35_HasCustomAnyHashableRepresentationP",
            "mangledName": "$ss35_HasCustomAnyHashableRepresentationP"
          },
          {
            "kind": "Conformance",
            "name": "Sendable",
            "printedName": "Sendable",
            "usr": "s:s8SendableP",
            "mangledName": "$ss8SendableP"
          },
          {
            "kind": "Conformance",
            "name": "Encodable",
            "printedName": "Encodable",
            "usr": "s:SE",
            "mangledName": "$sSE"
          },
          {
            "kind": "Conformance",
            "name": "Decodable",
            "printedName": "Decodable",
            "usr": "s:Se",
            "mangledName": "$sSe"
          },
          {
            "kind": "Conformance",
            "name": "_HasContiguousBytes",
            "printedName": "_HasContiguousBytes",
            "usr": "s:s19_HasContiguousBytesP",
            "mangledName": "$ss19_HasContiguousBytesP"
          },
          {
            "kind": "Conformance",
            "name": "DataProtocol",
            "printedName": "DataProtocol",
            "children": [
              {
                "kind": "TypeWitness",
                "name": "Regions",
                "printedName": "Regions",
                "children": [
                  {
                    "kind": "TypeNominal",
                    "name": "CollectionOfOne",
                    "printedName": "Swift.CollectionOfOne<[Swift.UInt8]>",
                    "children": [
                      {
                        "kind": "TypeNominal",
                        "name": "Array",
                        "printedName": "[Swift.UInt8]",
                        "children": [
                          {
                            "kind": "TypeNominal",
                            "name": "UInt8",
                            "printedName": "Swift.UInt8",
                            "usr": "s:s5UInt8V"
                          }
                        ],
                        "usr": "s:Sa"
                      }
                    ],
                    "usr": "s:s15CollectionOfOneV"
                  }
                ]
              }
            ],
            "usr": "s:10Foundation12DataProtocolP",
            "mangledName": "$s10Foundation12DataProtocolP"
          },
          {
            "kind": "Conformance",
            "name": "MutableDataProtocol",
            "printedName": "MutableDataProtocol",
            "usr": "s:10Foundation19MutableDataProtocolP",
            "mangledName": "$s10Foundation19MutableDataProtocolP"
          },
          {
            "kind": "Conformance",
            "name": "EncodableWithConfiguration",
            "printedName": "EncodableWithConfiguration",
            "children": [
              {
                "kind": "TypeWitness",
                "name": "EncodingConfiguration",
                "printedName": "EncodingConfiguration",
                "children": [
                  {
                    "kind": "TypeNominal",
                    "name": "DependentMember",
                    "printedName": "τ_0_0.EncodingConfiguration"
                  }
                ]
              }
            ],
            "usr": "s:10Foundation26EncodableWithConfigurationP",
            "mangledName": "$s10Foundation26EncodableWithConfigurationP"
          },
          {
            "kind": "Conformance",
            "name": "DecodableWithConfiguration",
            "printedName": "DecodableWithConfiguration",
            "children": [
              {
                "kind": "TypeWitness",
                "name": "DecodingConfiguration",
                "printedName": "DecodingConfiguration",
                "children": [
                  {
                    "kind": "TypeNominal",
                    "name": "DependentMember",
                    "printedName": "τ_0_0.DecodingConfiguration"
                  }
                ]
              }
            ],
            "usr": "s:10Foundation26DecodableWithConfigurationP",
            "mangledName": "$s10Foundation26DecodableWithConfigurationP"
          },
          {
            "kind": "Conformance",
            "name": "_ObjectiveCBridgeable",
            "printedName": "_ObjectiveCBridgeable",
            "children": [
              {
                "kind": "TypeWitness",
                "name": "_ObjectiveCType",
                "printedName": "_ObjectiveCType",
                "children": [
                  {
                    "kind": "TypeNominal",
                    "name": "NSArray",
                    "printedName": "Foundation.NSArray",
                    "usr": "c:objc(cs)NSArray"
                  }
                ]
              }
            ],
            "usr": "s:s21_ObjectiveCBridgeableP",
            "mangledName": "$ss21_ObjectiveCBridgeableP"
          },
          {
            "kind": "Conformance",
            "name": "CVarArg",
            "printedName": "CVarArg",
            "usr": "s:s7CVarArgP",
            "mangledName": "$ss7CVarArgP"
          },
          {
            "kind": "Conformance",
            "name": "ContiguousBytes",
            "printedName": "ContiguousBytes",
            "usr": "s:10Foundation15ContiguousBytesP",
            "mangledName": "$s10Foundation15ContiguousBytesP"
          }
        ]
      },
      {
        "kind": "TypeDecl",
        "name": "UIColor",
        "printedName": "UIColor",
        "children": [
          {
            "kind": "Constructor",
            "name": "init",
            "printedName": "init(propertyListValue:)",
            "children": [
              {
                "kind": "TypeNominal",
                "name": "Optional",
                "printedName": "UIKit.UIColor?",
                "children": [
                  {
                    "kind": "TypeNominal",
                    "name": "UIColor",
                    "printedName": "UIKit.UIColor",
                    "usr": "c:objc(cs)UIColor"
                  }
                ],
                "usr": "s:Sq"
              },
              {
                "kind": "TypeNominal",
                "name": "Optional",
                "printedName": "CepheiUI.ColorPropertyListValue?",
                "children": [
                  {
                    "kind": "TypeNominal",
                    "name": "ColorPropertyListValue",
                    "printedName": "CepheiUI.ColorPropertyListValue",
                    "usr": "s:8CepheiUI22ColorPropertyListValueP"
                  }
                ],
                "usr": "s:Sq"
              }
            ],
            "declKind": "Constructor",
            "usr": "s:So7UIColorC8CepheiUIE17propertyListValueABSgAC013ColorPropertyeF0_pSg_tcfc",
            "mangledName": "$sSo7UIColorC8CepheiUIE17propertyListValueABSgAC013ColorPropertyeF0_pSg_tcfc",
            "moduleName": "CepheiUI",
            "declAttributes": [
              "Convenience",
              "NonObjC",
              "RawDocComment"
            ],
            "isFromExtension": true,
            "init_kind": "Convenience"
          },
          {
            "kind": "Constructor",
            "name": "init",
            "printedName": "init(_propertyListValueObjC:)",
            "children": [
              {
                "kind": "TypeNominal",
                "name": "Optional",
                "printedName": "UIKit.UIColor?",
                "children": [
                  {
                    "kind": "TypeNominal",
                    "name": "UIColor",
                    "printedName": "UIKit.UIColor",
                    "usr": "c:objc(cs)UIColor"
                  }
                ],
                "usr": "s:Sq"
              },
              {
                "kind": "TypeNominal",
                "name": "Optional",
                "printedName": "Any?",
                "children": [
                  {
                    "kind": "TypeNominal",
                    "name": "ProtocolComposition",
                    "printedName": "Any"
                  }
                ],
                "usr": "s:Sq"
              }
            ],
            "declKind": "Constructor",
            "usr": "c:@CM@CepheiUI@@objc(cs)UIColor(im)hb_initWithPropertyListValue:",
            "mangledName": "$sSo7UIColorC8CepheiUIE22_propertyListValueObjCABSgypSg_tcfc",
            "moduleName": "CepheiUI",
            "objc_name": "hb_initWithPropertyListValue:",
            "declAttributes": [
              "Dynamic",
              "Convenience",
              "ObjC",
              "RawDocComment"
            ],
            "isFromExtension": true,
            "init_kind": "Convenience"
          },
          {
            "kind": "Function",
            "name": "_colorWithPropertyListValueObjC",
            "printedName": "_colorWithPropertyListValueObjC(_:)",
            "children": [
              {
                "kind": "TypeNominal",
                "name": "Optional",
                "printedName": "UIKit.UIColor?",
                "children": [
                  {
                    "kind": "TypeNominal",
                    "name": "UIColor",
                    "printedName": "UIKit.UIColor",
                    "usr": "c:objc(cs)UIColor"
                  }
                ],
                "usr": "s:Sq"
              },
              {
                "kind": "TypeNominal",
                "name": "Optional",
                "printedName": "Any?",
                "children": [
                  {
                    "kind": "TypeNominal",
                    "name": "ProtocolComposition",
                    "printedName": "Any"
                  }
                ],
                "usr": "s:Sq"
              }
            ],
            "declKind": "Func",
            "usr": "c:@CM@CepheiUI@@objc(cs)UIColor(cm)hb_colorWithPropertyListValue:",
            "mangledName": "$sSo7UIColorC8CepheiUIE31_colorWithPropertyListValueObjCyABSgypSgFZ",
            "moduleName": "CepheiUI",
            "static": true,
            "objc_name": "hb_colorWithPropertyListValue:",
            "declAttributes": [
              "Dynamic",
              "ObjC"
            ],
            "isFromExtension": true,
            "funcSelfKind": "NonMutating"
          },
          {
            "kind": "Constructor",
            "name": "init",
            "printedName": "init(interfaceStyleVariants:)",
            "children": [
              {
                "kind": "TypeNominal",
                "name": "UIColor",
                "printedName": "UIKit.UIColor",
                "usr": "c:objc(cs)UIColor"
              },
              {
                "kind": "TypeNominal",
                "name": "Dictionary",
                "printedName": "[UIKit.UIUserInterfaceStyle : UIKit.UIColor]",
                "children": [
                  {
                    "kind": "TypeNominal",
                    "name": "UIUserInterfaceStyle",
                    "printedName": "UIKit.UIUserInterfaceStyle",
                    "usr": "c:@E@UIUserInterfaceStyle"
                  },
                  {
                    "kind": "TypeNominal",
                    "name": "UIColor",
                    "printedName": "UIKit.UIColor",
                    "usr": "c:objc(cs)UIColor"
                  }
                ],
                "usr": "s:SD"
              }
            ],
            "declKind": "Constructor",
            "usr": "s:So7UIColorC8CepheiUIE22interfaceStyleVariantsABSDySo015UIUserInterfaceE0VABG_tcfc",
            "mangledName": "$sSo7UIColorC8CepheiUIE22interfaceStyleVariantsABSDySo015UIUserInterfaceE0VABG_tcfc",
            "moduleName": "CepheiUI",
            "declAttributes": [
              "Convenience",
              "NonObjC",
              "RawDocComment"
            ],
            "isFromExtension": true,
            "init_kind": "Convenience"
          },
          {
            "kind": "Constructor",
            "name": "init",
            "printedName": "init(_interfaceStyleVariantsObjC:)",
            "children": [
              {
                "kind": "TypeNominal",
                "name": "UIColor",
                "printedName": "UIKit.UIColor",
                "usr": "c:objc(cs)UIColor"
              },
              {
                "kind": "TypeNominal",
                "name": "Dictionary",
                "printedName": "[Foundation.NSNumber : UIKit.UIColor]",
                "children": [
                  {
                    "kind": "TypeNominal",
                    "name": "NSNumber",
                    "printedName": "Foundation.NSNumber",
                    "usr": "c:objc(cs)NSNumber"
                  },
                  {
                    "kind": "TypeNominal",
                    "name": "UIColor",
                    "printedName": "UIKit.UIColor",
                    "usr": "c:objc(cs)UIColor"
                  }
                ],
                "usr": "s:SD"
              }
            ],
            "declKind": "Constructor",
            "usr": "c:@CM@CepheiUI@@objc(cs)UIColor(im)hb_initWithInterfaceStyleVariants:",
            "mangledName": "$sSo7UIColorC8CepheiUIE27_interfaceStyleVariantsObjCABSDySo8NSNumberCABG_tcfc",
            "moduleName": "CepheiUI",
            "objc_name": "hb_initWithInterfaceStyleVariants:",
            "declAttributes": [
              "Dynamic",
              "Convenience",
              "ObjC"
            ],
            "isFromExtension": true,
            "init_kind": "Convenience"
          },
          {
            "kind": "Function",
            "name": "_colorWithInterfaceStyleVariantsObjC",
            "printedName": "_colorWithInterfaceStyleVariantsObjC(_:)",
            "children": [
              {
                "kind": "TypeNominal",
                "name": "UIColor",
                "printedName": "UIKit.UIColor",
                "usr": "c:objc(cs)UIColor"
              },
              {
                "kind": "TypeNominal",
                "name": "Dictionary",
                "printedName": "[Foundation.NSNumber : UIKit.UIColor]",
                "children": [
                  {
                    "kind": "TypeNominal",
                    "name": "NSNumber",
                    "printedName": "Foundation.NSNumber",
                    "usr": "c:objc(cs)NSNumber"
                  },
                  {
                    "kind": "TypeNominal",
                    "name": "UIColor",
                    "printedName": "UIKit.UIColor",
                    "usr": "c:objc(cs)UIColor"
                  }
                ],
                "usr": "s:SD"
              }
            ],
            "declKind": "Func",
            "usr": "c:@CM@CepheiUI@@objc(cs)UIColor(cm)hb_colorWithInterfaceStyleVariants:",
            "mangledName": "$sSo7UIColorC8CepheiUIE36_colorWithInterfaceStyleVariantsObjCyABSDySo8NSNumberCABGFZ",
            "moduleName": "CepheiUI",
            "static": true,
            "objc_name": "hb_colorWithInterfaceStyleVariants:",
            "declAttributes": [
              "Dynamic",
              "ObjC"
            ],
            "isFromExtension": true,
            "funcSelfKind": "NonMutating"
          },
          {
            "kind": "Function",
            "name": "_withDarkInterfaceVariantObjC",
            "printedName": "_withDarkInterfaceVariantObjC()",
            "children": [
              {
                "kind": "TypeNominal",
                "name": "UIColor",
                "printedName": "UIKit.UIColor",
                "usr": "c:objc(cs)UIColor"
              }
            ],
            "declKind": "Func",
            "usr": "c:@CM@CepheiUI@@objc(cs)UIColor(im)hb_colorWithDarkInterfaceVariant",
            "mangledName": "$sSo7UIColorC8CepheiUIE29_withDarkInterfaceVariantObjCAByF",
            "moduleName": "CepheiUI",
            "objc_name": "hb_colorWithDarkInterfaceVariant",
            "declAttributes": [
              "Dynamic",
              "ObjC",
              "RawDocComment"
            ],
            "isFromExtension": true,
            "funcSelfKind": "NonMutating"
          },
          {
            "kind": "Function",
            "name": "withDarkInterfaceVariant",
            "printedName": "withDarkInterfaceVariant(_:)",
            "children": [
              {
                "kind": "TypeNominal",
                "name": "UIColor",
                "printedName": "UIKit.UIColor",
                "usr": "c:objc(cs)UIColor"
              },
              {
                "kind": "TypeNominal",
                "name": "Optional",
                "printedName": "UIKit.UIColor?",
                "children": [
                  {
                    "kind": "TypeNominal",
                    "name": "UIColor",
                    "printedName": "UIKit.UIColor",
                    "usr": "c:objc(cs)UIColor"
                  }
                ],
                "hasDefaultArg": true,
                "usr": "s:Sq"
              }
            ],
            "declKind": "Func",
            "usr": "c:@CM@CepheiUI@@objc(cs)UIColor(im)hb_colorWithDarkInterfaceVariant:",
            "mangledName": "$sSo7UIColorC8CepheiUIE24withDarkInterfaceVariantyA2BSgF",
            "moduleName": "CepheiUI",
            "objc_name": "hb_colorWithDarkInterfaceVariant:",
            "declAttributes": [
              "Dynamic",
              "ObjC",
              "RawDocComment"
            ],
            "isFromExtension": true,
            "funcSelfKind": "NonMutating"
          }
        ],
        "declKind": "Class",
        "usr": "c:objc(cs)UIColor",
        "moduleName": "UIKit",
        "isOpen": true,
        "intro_iOS": "2.0",
        "objc_name": "UIColor",
        "declAttributes": [
          "Available",
          "ObjC",
          "SynthesizedProtocol",
          "NonSendable",
          "Sendable",
          "Dynamic"
        ],
        "superclassUsr": "c:objc(cs)NSObject",
        "isExternal": true,
        "inheritsConvenienceInitializers": true,
        "superclassNames": [
          "ObjectiveC.NSObject"
        ],
        "conformances": [
          {
            "kind": "Conformance",
            "name": "Sendable",
            "printedName": "Sendable",
            "usr": "s:s8SendableP",
            "mangledName": "$ss8SendableP"
          },
          {
            "kind": "Conformance",
            "name": "Equatable",
            "printedName": "Equatable",
            "usr": "s:SQ",
            "mangledName": "$sSQ"
          },
          {
            "kind": "Conformance",
            "name": "Hashable",
            "printedName": "Hashable",
            "usr": "s:SH",
            "mangledName": "$sSH"
          },
          {
            "kind": "Conformance",
            "name": "CVarArg",
            "printedName": "CVarArg",
            "usr": "s:s7CVarArgP",
            "mangledName": "$ss7CVarArgP"
          },
          {
            "kind": "Conformance",
            "name": "_KeyValueCodingAndObservingPublishing",
            "printedName": "_KeyValueCodingAndObservingPublishing",
            "usr": "s:10Foundation37_KeyValueCodingAndObservingPublishingP",
            "mangledName": "$s10Foundation37_KeyValueCodingAndObservingPublishingP"
          },
          {
            "kind": "Conformance",
            "name": "_KeyValueCodingAndObserving",
            "printedName": "_KeyValueCodingAndObserving",
            "usr": "s:10Foundation27_KeyValueCodingAndObservingP",
            "mangledName": "$s10Foundation27_KeyValueCodingAndObservingP"
          },
          {
            "kind": "Conformance",
            "name": "CustomStringConvertible",
            "printedName": "CustomStringConvertible",
            "usr": "s:s23CustomStringConvertibleP",
            "mangledName": "$ss23CustomStringConvertibleP"
          },
          {
            "kind": "Conformance",
            "name": "CustomDebugStringConvertible",
            "printedName": "CustomDebugStringConvertible",
            "usr": "s:s28CustomDebugStringConvertibleP",
            "mangledName": "$ss28CustomDebugStringConvertibleP"
          },
          {
            "kind": "Conformance",
            "name": "_ExpressibleByColorLiteral",
            "printedName": "_ExpressibleByColorLiteral",
            "usr": "s:s26_ExpressibleByColorLiteralP",
            "mangledName": "$ss26_ExpressibleByColorLiteralP"
          }
        ]
      }
    ],
    "json_format_version": 8
  },
  "ConstValues": [
    {
      "filePath": "UIColor+HBAdditions.swift",
      "kind": "StringLiteral",
      "offset": 6273,
      "length": 16,
      "value": "\"UIDynamicColor\""
    }
  ]
}